{"cameraMode":{"drawMode":0,"name":"Shaded","section":"Shading Mode"},"sceneLighting":true,"audioPlay":false,"sceneViewState":{"showFog":true,"showMaterialUpdate":false,"showSkybox":true,"showFlares":true,"showImageEffects":true,"showParticleSystems":true},"in2DMode":false,"pivot":{"x":1.5596121549606324,"y":26.597951889038087,"z":-0.7929112911224365},"rotation":{"x":0.17348548769950868,"y":-0.7361475825309753,"z":0.20563647150993348,"w":0.6210508942604065},"size":51.71445083618164,"orthographic":true}