{"cameraMode":{"drawMode":0,"name":"Shaded","section":"Shading Mode"},"sceneLighting":true,"audioPlay":false,"sceneViewState":{"showFog":true,"showMaterialUpdate":false,"showSkybox":true,"showFlares":true,"showImageEffects":true,"showParticleSystems":true},"in2DMode":false,"pivot":{"x":-0.5389004945755005,"y":-40.9289665222168,"z":51.43590545654297},"rotation":{"x":0.3324327766895294,"y":-0.027661118656396867,"z":0.009820648469030857,"w":0.9427549242973328},"size":37.36731719970703,"orthographic":false}